quarter,performance_score,benchmark,market_share,customer_satisfaction,revenue_millions
Q1 2024,8.274507122951684,15.0,17.93086784941441,86.29537707620139,84.56908956922408
Q2 2024,7.7648769937915,15.0,17.08293152152541,86.15842563101478,78.30230418745873
Q3 2024,7.029578842109757,15.0,16.67128002179298,80.07316461437507,70.60281073928923
Q4 2024,6.936294340734905,15.0,14.6433598776711,75.55016433497393,66.31313741227709
Q1 2025,6.348075331949836,15.0,14.957123666297637,75.18395184895758,59.76308889599412
Q2 2025,6.319847315338233,15.0,13.887111849756732,75.13505640937585,55.72575544135963
